date_time,maxtempC,mintempC,totalSnow_cm,sunHour,uvIndex,uvIndex,moon_illumination,moonrise,moonset,sunrise,sunset,DewPointC,FeelsLikeC,HeatIndexC,WindChillC,WindGustKmph,cloudcover,humidity,precipMM,pressure,tempC,visibility,winddirDegree,windspeedKmph
2015-01-01,27,25,0.0,10.2,7,7,72,03:54 PM,03:31 AM,07:06 AM,07:09 PM,23,29,29,26,26,64,84,10.9,1011,27,9,178,17
2015-01-02,29,25,0.0,8.8,7,7,80,04:46 PM,04:22 AM,07:07 AM,07:10 PM,22,30,30,27,27,53,75,1.7,1011,29,10,98,19
2015-01-03,30,25,0.0,10.2,7,7,87,05:38 PM,05:14 AM,07:07 AM,07:10 PM,23,30,30,27,22,36,77,4.1,1011,30,10,220,15
2015-01-04,30,25,0.0,10.2,7,7,94,06:29 PM,06:06 AM,07:08 AM,07:11 PM,23,31,31,27,21,37,78,7.6,1009,30,9,291,14
2015-01-05,32,25,0.0,10.2,7,7,100,07:19 PM,06:56 AM,07:08 AM,07:11 PM,23,31,31,28,17,39,78,6.7,1009,32,10,250,11
2015-01-06,30,25,0.0,11.6,7,7,100,08:07 PM,07:46 AM,07:09 AM,07:12 PM,24,32,32,28,16,31,81,9.4,1008,30,9,304,10
2015-01-07,30,25,0.0,11.6,7,7,84,08:54 PM,08:32 AM,07:09 AM,07:12 PM,24,31,31,27,17,43,82,8.5,1009,30,9,250,11
2015-01-08,29,25,0.0,8.8,6,6,77,09:39 PM,09:17 AM,07:09 AM,07:13 PM,24,30,30,27,17,69,83,12.4,1010,29,9,254,11
2015-01-09,28,25,0.0,7.4,7,7,69,10:22 PM,10:01 AM,07:10 AM,07:13 PM,23,29,29,26,16,62,84,3.7,1012,28,10,334,11
2015-01-10,29,24,0.0,11.6,7,7,62,11:05 PM,10:43 AM,07:10 AM,07:13 PM,23,30,30,27,15,46,83,4.6,1010,29,9,257,10
2015-01-11,29,25,0.0,11.6,7,7,55,11:47 PM,11:25 AM,07:11 AM,07:14 PM,23,30,30,27,20,48,79,3.7,1010,29,10,181,13
2015-01-12,30,25,0.0,10.2,7,7,48,No moonrise,12:07 PM,07:11 AM,07:14 PM,23,30,30,27,24,45,80,4.4,1010,30,10,54,16
2015-01-13,30,25,0.0,11.6,7,7,40,12:30 AM,12:50 PM,07:11 AM,07:15 PM,23,30,30,27,26,34,77,0.1,1011,30,10,15,18
2015-01-14,29,25,0.0,11.6,7,7,33,01:15 AM,01:35 PM,07:12 AM,07:15 PM,23,30,30,27,24,45,80,3.3,1012,29,10,19,17
2015-01-15,30,25,0.0,10.2,6,6,26,02:02 AM,02:22 PM,07:12 AM,07:15 PM,22,29,29,27,20,60,77,0.2,1012,30,10,58,15
2015-01-16,30,24,0.0,11.6,7,7,19,02:52 AM,03:13 PM,07:13 AM,07:16 PM,22,29,29,27,19,37,76,0.0,1012,30,10,99,14
2015-01-17,30,24,0.0,11.6,7,7,11,03:45 AM,04:07 PM,07:13 AM,07:16 PM,22,29,29,26,20,39,75,0.2,1012,30,10,56,15
2015-01-18,30,24,0.0,11.6,7,7,4,04:40 AM,05:05 PM,07:13 AM,07:17 PM,21,29,29,26,21,41,75,0.2,1012,30,10,18,15
2015-01-19,30,24,0.0,11.6,7,7,0,05:39 AM,06:04 PM,07:13 AM,07:17 PM,21,29,29,27,20,27,72,0.0,1013,30,10,24,15
2015-01-20,30,24,0.0,11.6,7,7,0,06:38 AM,07:04 PM,07:14 AM,07:17 PM,21,29,29,27,20,29,74,0.2,1014,30,10,30,15
2015-01-21,29,24,0.0,11.6,7,7,3,07:38 AM,08:03 PM,07:14 AM,07:18 PM,23,29,29,26,20,44,81,7.6,1015,29,9,22,13
2015-01-22,31,24,0.0,11.6,7,7,10,08:35 AM,09:01 PM,07:14 AM,07:18 PM,21,29,29,27,22,52,74,0.0,1014,31,10,20,16
2015-01-23,30,24,0.0,10.2,7,7,18,09:31 AM,09:57 PM,07:15 AM,07:18 PM,21,29,29,26,21,50,74,0.4,1012,30,10,27,15
2015-01-24,30,24,0.0,11.6,7,7,25,10:25 AM,10:51 PM,07:15 AM,07:18 PM,22,29,29,27,16,40,75,0.6,1013,30,10,27,12
2015-01-25,29,24,0.0,11.6,7,7,32,11:18 AM,11:44 PM,07:15 AM,07:19 PM,22,29,29,26,16,38,77,0.1,1013,29,10,26,11
2015-01-26,30,25,0.0,8.8,7,7,39,12:09 PM,No moonset,07:15 AM,07:19 PM,22,29,29,27,19,65,75,0.2,1012,30,10,25,14
2015-01-27,31,24,0.0,11.6,7,7,47,01:01 PM,12:36 AM,07:15 AM,07:19 PM,22,29,29,27,18,42,74,0.1,1011,31,10,25,13
2015-01-28,32,24,0.0,10.2,7,7,54,01:52 PM,01:28 AM,07:16 AM,07:19 PM,22,30,30,27,15,35,74,0.0,1010,32,10,20,11
2015-01-29,30,25,0.0,8.8,7,7,61,02:43 PM,02:19 AM,07:16 AM,07:20 PM,22,30,30,27,17,48,76,5.1,1011,30,10,14,11
2015-01-30,30,25,0.0,10.2,7,7,69,03:35 PM,03:11 AM,07:16 AM,07:20 PM,23,30,30,27,16,59,79,0.0,1012,30,10,65,12
2015-01-31,30,25,0.0,10.2,7,7,72,04:25 PM,04:02 AM,07:16 AM,07:20 PM,22,30,30,27,21,53,75,0.0,1012,30,10,20,15
2015-02-01,29,24,0.0,8.8,6,6,86,05:15 PM,04:52 AM,07:16 AM,07:20 PM,21,28,28,26,21,48,73,0.1,1012,29,10,17,15
2015-02-02,29,24,0.0,8.8,6,6,94,06:03 PM,05:41 AM,07:16 AM,07:20 PM,22,29,29,26,20,72,76,1.6,1013,29,10,16,15
2015-02-03,28,24,0.0,7.4,6,6,100,06:50 PM,06:28 AM,07:16 AM,07:20 PM,22,28,28,26,19,71,81,3.3,1014,28,10,46,14
2015-02-04,28,24,0.0,6.0,6,6,100,07:35 PM,07:14 AM,07:17 AM,07:20 PM,23,28,28,26,19,76,83,0.4,1013,28,10,61,14
2015-02-05,30,24,0.0,11.6,7,7,84,08:19 PM,07:58 AM,07:17 AM,07:21 PM,22,29,29,27,22,58,76,0.3,1012,30,10,20,16
2015-02-06,30,25,0.0,11.6,7,7,76,09:02 PM,08:40 AM,07:17 AM,07:21 PM,22,29,29,26,24,63,76,3.4,1012,30,10,21,17
2015-02-07,29,25,0.0,11.6,6,6,69,09:45 PM,09:23 AM,07:17 AM,07:21 PM,22,29,29,27,20,49,75,0.6,1012,29,10,23,15
2015-02-08,29,25,0.0,10.2,7,7,61,10:27 PM,10:04 AM,07:17 AM,07:21 PM,22,29,29,26,22,51,76,0.4,1012,29,10,24,16
2015-02-09,30,24,0.0,11.6,7,7,53,11:11 PM,10:47 AM,07:17 AM,07:21 PM,21,29,29,27,23,41,74,0.2,1013,30,10,23,17
2015-02-10,30,24,0.0,11.6,7,7,46,11:56 PM,11:31 AM,07:17 AM,07:21 PM,21,28,28,26,21,40,71,0.1,1012,30,10,23,16
2015-02-11,31,24,0.0,10.2,7,7,38,No moonrise,12:15 PM,07:17 AM,07:21 PM,20,28,28,26,18,36,70,0.0,1012,31,10,21,14
2015-02-12,31,24,0.0,10.2,7,7,31,12:43 AM,01:04 PM,07:17 AM,07:21 PM,21,29,29,27,19,36,73,0.3,1011,31,10,21,14
2015-02-13,30,24,0.0,8.8,7,7,23,01:33 AM,01:55 PM,07:17 AM,07:21 PM,21,29,29,26,19,49,75,0.2,1011,30,10,25,14
2015-02-14,30,24,0.0,11.6,7,7,16,02:26 AM,02:48 PM,07:17 AM,07:21 PM,21,29,29,27,16,33,74,0.1,1011,30,10,33,12
2015-02-15,31,24,0.0,11.6,7,7,8,03:21 AM,03:45 PM,07:17 AM,07:21 PM,22,30,30,27,15,37,75,0.2,1011,31,10,39,11
2015-02-16,32,24,0.0,11.6,7,7,1,04:19 AM,04:43 PM,07:16 AM,07:21 PM,22,30,30,27,18,22,74,0.0,1011,32,10,35,13
2015-02-17,32,25,0.0,11.6,7,7,0,05:18 AM,05:43 PM,07:16 AM,07:21 PM,22,31,31,28,17,25,75,0.8,1010,32,10,35,13
2015-02-18,31,24,0.0,10.2,7,7,0,06:16 AM,06:41 PM,07:16 AM,07:21 PM,22,31,31,28,17,41,74,1.3,1010,31,10,25,13
2015-02-19,29,24,0.0,6.0,6,6,0,07:14 AM,07:40 PM,07:16 AM,07:21 PM,23,29,29,26,14,75,82,10.8,1012,29,9,256,9
2015-02-20,31,24,0.0,10.2,6,6,7,08:10 AM,08:36 PM,07:16 AM,07:21 PM,23,30,30,27,16,51,77,3.6,1012,31,10,31,11
2015-02-21,31,24,0.0,11.6,7,7,14,09:05 AM,09:32 PM,07:16 AM,07:21 PM,22,30,30,27,15,49,75,0.1,1011,31,10,38,11
2015-02-22,32,24,0.0,10.2,7,7,22,09:59 AM,10:26 PM,07:16 AM,07:21 PM,22,30,30,27,18,35,75,0.2,1011,32,10,28,13
2015-02-23,33,25,0.0,10.2,7,7,29,10:53 AM,11:21 PM,07:16 AM,07:21 PM,23,31,31,28,15,39,75,3.1,1011,33,10,20,10
2015-02-24,32,25,0.0,10.2,7,7,37,11:46 AM,No moonset,07:15 AM,07:20 PM,23,31,31,28,14,26,75,0.1,1011,32,10,33,11
2015-02-25,31,24,0.0,11.6,7,7,44,12:39 PM,12:14 AM,07:15 AM,07:20 PM,23,31,31,28,13,24,75,1.1,1010,31,10,38,10
2015-02-26,32,24,0.0,11.6,7,7,52,01:31 PM,01:07 AM,07:15 AM,07:20 PM,23,31,31,28,13,29,76,1.4,1010,32,10,43,9
2015-02-27,32,24,0.0,11.6,7,7,60,02:22 PM,01:59 AM,07:15 AM,07:20 PM,23,31,31,28,15,21,75,0.0,1009,32,10,35,11
2015-02-28,32,25,0.0,11.6,7,7,67,03:12 PM,02:49 AM,07:15 AM,07:20 PM,23,31,31,28,18,24,76,0.2,1010,32,10,29,13
2015-03-01,32,25,0.0,11.6,6,6,72,04:00 PM,03:39 AM,07:14 AM,07:20 PM,23,31,31,28,16,33,76,2.4,1010,32,10,66,11
2015-03-02,32,25,0.0,11.6,7,7,79,04:47 PM,04:26 AM,07:14 AM,07:20 PM,22,31,31,28,15,23,74,3.7,1011,32,10,23,11
2015-03-03,32,24,0.0,10.2,7,7,86,05:33 PM,05:12 AM,07:14 AM,07:19 PM,23,31,31,28,14,34,76,1.6,1010,32,10,110,10
2015-03-04,33,25,0.0,10.2,7,7,94,06:17 PM,05:56 AM,07:14 AM,07:19 PM,23,32,32,28,11,48,76,1.4,1010,33,10,68,8
2015-03-05,33,24,0.0,11.6,7,7,100,07:00 PM,06:39 AM,07:14 AM,07:19 PM,22,31,31,28,12,27,71,0.3,1011,33,10,28,9
2015-03-06,32,24,0.0,7.4,7,7,100,07:43 PM,07:21 AM,07:13 AM,07:19 PM,22,31,31,28,12,46,72,0.1,1011,32,10,27,9
2015-03-07,32,25,0.0,10.2,7,7,84,08:26 PM,08:03 AM,07:13 AM,07:19 PM,22,30,30,28,14,39,70,0.2,1011,32,10,29,10
2015-03-08,32,25,0.0,11.6,7,7,77,09:09 PM,08:45 AM,07:13 AM,07:18 PM,23,32,32,28,12,28,77,7.7,1011,32,9,101,8
2015-03-09,30,25,0.0,11.6,7,7,70,09:54 PM,09:29 AM,07:12 AM,07:18 PM,24,32,32,28,18,25,78,6.1,1012,30,9,22,12
2015-03-10,26,25,0.0,11.6,6,6,63,10:40 PM,10:13 AM,07:12 AM,07:18 PM,23,29,29,26,12,33,85,1.3,1012,26,9,262,8
2015-03-11,30,25,0.0,8.8,7,7,55,11:28 PM,11:00 AM,07:12 AM,07:18 PM,23,31,31,27,15,60,80,3.5,1010,30,9,71,10
2015-03-12,30,25,0.0,8.8,7,7,48,No moonrise,11:49 AM,07:12 AM,07:18 PM,23,31,31,27,15,57,82,3.3,1010,30,9,87,10
2015-03-13,30,25,0.0,8.8,7,7,41,12:18 AM,12:39 PM,07:11 AM,07:17 PM,24,31,31,27,13,64,82,6.0,1010,30,9,84,9
2015-03-14,30,25,0.0,8.8,7,7,34,01:11 AM,01:33 PM,07:11 AM,07:17 PM,24,31,31,27,12,55,82,4.1,1010,30,9,90,9
2015-03-15,31,25,0.0,8.8,7,7,26,02:05 AM,02:29 PM,07:11 AM,07:17 PM,24,32,32,28,12,57,80,3.0,1010,31,9,92,8
2015-03-16,30,25,0.0,8.8,7,7,19,03:02 AM,03:26 PM,07:10 AM,07:17 PM,24,31,31,28,13,56,81,4.2,1010,30,9,69,9
2015-03-17,30,25,0.0,8.8,7,7,12,03:58 AM,04:23 PM,07:10 AM,07:16 PM,24,31,31,28,12,62,80,2.9,1010,30,9,67,8
2015-03-18,31,25,0.0,8.8,7,7,4,04:55 AM,05:20 PM,07:10 AM,07:16 PM,24,32,32,28,12,58,80,2.8,1010,31,9,64,9
2015-03-19,31,25,0.0,8.8,7,7,0,05:51 AM,06:17 PM,07:09 AM,07:16 PM,24,32,32,28,11,55,81,3.3,1009,31,9,77,8
2015-03-20,34,25,0.0,10.2,7,7,0,06:47 AM,07:14 PM,07:09 AM,07:16 PM,24,33,33,29,9,35,75,1.7,1011,34,10,69,6
2015-03-21,32,25,0.0,11.6,7,7,3,07:42 AM,08:10 PM,07:09 AM,07:15 PM,24,32,32,28,11,29,77,0.5,1012,32,10,51,7
2015-03-22,32,25,0.0,10.2,7,7,10,08:37 AM,09:06 PM,07:08 AM,07:15 PM,23,32,32,28,12,37,72,0.0,1012,32,10,37,8
2015-03-23,32,26,0.0,8.8,7,7,17,09:33 AM,10:02 PM,07:08 AM,07:15 PM,23,32,32,28,12,43,71,0.0,1010,32,10,42,9
2015-03-24,31,26,0.0,11.6,7,7,24,10:27 AM,10:57 PM,07:08 AM,07:14 PM,23,32,32,28,16,33,75,1.3,1010,31,10,42,11
2015-03-25,31,26,0.0,11.6,7,7,32,11:22 AM,11:51 PM,07:07 AM,07:14 PM,23,32,32,28,19,31,76,2.0,1011,31,10,41,13
2015-03-26,32,26,0.0,11.6,7,7,39,12:15 PM,No moonset,07:07 AM,07:14 PM,23,32,32,28,19,38,75,1.0,1012,32,10,33,13
2015-03-27,32,26,0.0,11.6,7,7,46,01:07 PM,12:43 AM,07:07 AM,07:14 PM,23,32,32,28,17,32,76,0.3,1012,32,10,35,13
2015-03-28,30,25,0.0,11.6,7,7,54,01:57 PM,01:34 AM,07:06 AM,07:13 PM,23,31,31,28,16,40,78,3.7,1010,30,10,33,11
2015-03-29,31,25,0.0,11.6,7,7,61,02:44 PM,02:22 AM,07:06 AM,07:13 PM,23,32,32,28,15,30,77,4.2,1010,31,10,29,11
2015-03-30,31,25,0.0,11.6,6,6,68,03:31 PM,03:09 AM,07:06 AM,07:13 PM,24,33,33,28,13,27,79,3.2,1010,31,10,83,9
2015-03-31,30,25,0.0,11.6,7,7,72,04:15 PM,03:54 AM,07:05 AM,07:13 PM,24,33,33,28,12,24,81,8.9,1010,30,9,43,8
2015-04-01,32,25,0.0,11.6,7,7,86,04:58 PM,04:37 AM,07:05 AM,07:12 PM,24,33,33,29,10,31,78,1.3,1009,32,10,73,7
2015-04-02,32,26,0.0,10.2,6,6,93,05:41 PM,05:20 AM,07:05 AM,07:12 PM,24,33,33,29,10,34,78,8.6,1009,32,9,177,6
2015-04-03,33,26,0.0,11.6,7,7,100,06:24 PM,06:02 AM,07:04 AM,07:12 PM,24,34,34,29,7,35,76,6.3,1008,33,9,169,5
2015-04-04,32,26,0.0,10.2,7,7,100,07:07 PM,06:44 AM,07:04 AM,07:12 PM,25,35,35,29,8,42,79,3.2,1007,32,10,99,6
2015-04-05,34,26,0.0,11.6,7,7,84,07:52 PM,07:27 AM,07:04 AM,07:11 PM,24,35,35,30,8,25,75,5.2,1008,34,9,86,5
2015-04-06,34,26,0.0,10.2,7,7,77,08:37 PM,08:11 AM,07:03 AM,07:11 PM,24,35,35,29,8,34,75,12.7,1008,34,9,143,5
2015-04-07,33,26,0.0,11.6,7,7,69,09:26 PM,08:58 AM,07:03 AM,07:11 PM,24,33,33,29,15,17,76,3.3,1008,33,10,38,11
2015-04-08,32,26,0.0,11.6,6,6,61,10:15 PM,09:46 AM,07:03 AM,07:11 PM,24,34,34,29,15,25,76,3.7,1009,32,10,36,10
2015-04-09,32,26,0.0,11.6,7,7,54,11:07 PM,10:36 AM,07:02 AM,07:10 PM,24,33,33,29,16,29,75,0.3,1010,32,10,37,12
2015-04-10,33,26,0.0,11.6,6,6,46,12:00 AM,11:29 AM,07:02 AM,07:10 PM,23,33,33,29,13,22,72,2.8,1010,33,10,42,9
2015-04-11,33,26,0.0,10.2,7,7,39,No moonrise,12:22 PM,07:02 AM,07:10 PM,24,33,33,29,9,35,75,3.3,1011,33,10,82,6
2015-04-12,33,26,0.0,11.6,7,7,31,12:54 AM,01:17 PM,07:01 AM,07:10 PM,24,34,34,29,11,13,74,5.4,1012,33,9,38,8
2015-04-13,27,26,0.0,11.6,6,6,24,01:48 AM,02:12 PM,07:01 AM,07:09 PM,24,31,31,27,15,43,88,12.9,1012,27,10,42,9
2015-04-14,31,26,0.0,8.8,7,7,16,02:43 AM,03:07 PM,07:01 AM,07:09 PM,24,33,33,28,9,61,79,4.2,1009,31,9,96,6
2015-04-15,31,25,0.0,8.8,7,7,9,03:37 AM,04:02 PM,07:00 AM,07:09 PM,24,33,33,29,8,55,79,4.2,1009,31,10,121,6
2015-04-16,33,27,0.0,10.2,7,7,1,04:31 AM,04:57 PM,07:00 AM,07:09 PM,23,33,33,29,14,43,71,1.4,1011,33,10,52,11
2015-04-17,33,27,0.0,11.6,7,7,0,05:26 AM,05:53 PM,07:00 AM,07:09 PM,24,34,34,30,12,32,71,2.3,1010,33,10,47,9
2015-04-18,35,26,0.0,11.6,7,7,0,06:20 AM,06:48 PM,07:00 AM,07:08 PM,24,35,35,30,8,18,69,0.0,1009,35,10,70,6
2015-04-19,34,27,0.0,11.6,7,7,0,07:16 AM,07:45 PM,06:59 AM,07:08 PM,24,35,35,30,8,37,71,13.7,1010,34,9,86,5
2015-04-20,33,26,0.0,10.3,7,7,6,08:11 AM,08:41 PM,06:59 AM,07:08 PM,25,35,35,30,6,34,75,2.6,1010,33,10,124,4
2015-04-21,34,26,0.0,11.6,7,7,14,09:07 AM,09:37 PM,06:59 AM,07:08 PM,25,36,36,30,8,28,75,12.7,1009,34,9,143,5
2015-04-22,33,26,0.0,11.6,6,6,21,10:02 AM,10:32 PM,06:59 AM,07:08 PM,24,35,35,30,9,19,74,18.9,1009,33,8,210,6
2015-04-23,32,26,0.0,11.6,7,7,29,10:56 AM,11:25 PM,06:58 AM,07:08 PM,24,34,34,29,9,14,76,11.3,1010,32,9,110,6
2015-04-24,32,25,0.0,11.6,6,6,36,11:49 AM,No moonset,06:58 AM,07:07 PM,24,33,33,29,11,17,76,13.9,1010,32,9,179,7
2015-04-25,31,25,0.0,10.3,7,7,44,12:38 PM,12:16 AM,06:58 AM,07:07 PM,24,32,32,28,12,36,78,6.8,1010,31,10,145,8
2015-04-26,30,26,0.0,10.3,7,7,52,01:26 PM,01:04 AM,06:58 AM,07:07 PM,24,32,32,28,11,55,79,1.2,1010,30,10,110,7
2015-04-27,32,26,0.0,10.3,7,7,59,02:11 PM,01:50 AM,06:58 AM,07:07 PM,24,34,34,29,8,42,75,5.3,1010,32,10,138,5
2015-04-28,31,26,0.0,8.9,7,7,67,02:55 PM,02:34 AM,06:57 AM,07:07 PM,24,34,34,29,8,54,78,2.2,1009,31,10,159,5
2015-04-29,35,27,0.0,11.6,7,7,74,03:38 PM,03:17 AM,06:57 AM,07:07 PM,24,35,35,30,8,51,75,1.3,1010,35,10,61,6
2015-04-30,31,26,0.0,11.6,6,6,82,04:21 PM,03:59 AM,06:57 AM,07:07 PM,24,34,34,29,10,30,77,15.6,1010,31,9,246,6
2015-05-01,32,26,0.0,11.6,7,7,86,05:04 PM,04:41 AM,06:57 AM,07:07 PM,24,34,34,29,7,31,77,5.8,1010,32,9,259,4
2015-05-02,32,26,0.0,10.3,7,7,93,05:48 PM,05:24 AM,06:57 AM,07:06 PM,24,34,34,29,6,49,75,9.4,1010,32,9,227,4
2015-05-03,28,26,0.0,8.9,6,6,100,06:34 PM,06:08 AM,06:56 AM,07:06 PM,24,31,31,27,13,67,81,9.0,1011,28,9,226,8
2015-05-04,31,26,0.0,11.6,7,7,100,07:22 PM,06:54 AM,06:56 AM,07:06 PM,24,33,33,29,10,46,76,4.9,1010,31,10,199,7
2015-05-05,33,26,0.0,11.6,7,7,85,08:11 PM,07:42 AM,06:56 AM,07:06 PM,24,34,34,30,9,20,72,1.8,1009,33,10,162,6
2015-05-06,33,26,0.0,11.6,7,7,78,09:03 PM,08:32 AM,06:56 AM,07:06 PM,24,35,35,30,8,34,74,4.5,1008,33,10,155,6
2015-05-07,32,27,0.0,11.6,7,7,70,09:56 PM,09:25 AM,06:56 AM,07:06 PM,25,35,35,29,11,28,77,6.5,1009,32,9,129,7
2015-05-08,32,26,0.0,11.6,7,7,63,10:50 PM,10:18 AM,06:56 AM,07:06 PM,24,35,35,30,8,23,75,2.2,1008,32,10,162,6
2015-05-09,32,27,0.0,11.6,7,7,56,11:45 PM,11:13 AM,06:56 AM,07:06 PM,24,33,33,29,15,31,74,0.9,1008,32,10,188,11
2015-05-10,32,26,0.0,11.6,7,7,49,No moonrise,12:07 PM,06:56 AM,07:06 PM,24,35,35,30,12,19,74,2.0,1008,32,10,146,8
2015-05-11,33,27,0.0,11.6,7,7,41,12:38 AM,01:01 PM,06:56 AM,07:06 PM,24,35,35,30,12,21,70,0.1,1009,33,10,124,9
2015-05-12,33,27,0.0,10.3,7,7,34,01:31 AM,01:55 PM,06:56 AM,07:06 PM,24,35,35,30,10,24,74,3.2,1009,33,10,119,7
2015-05-13,33,26,0.0,11.6,7,7,27,02:23 AM,02:48 PM,06:56 AM,07:06 PM,25,35,35,30,9,21,75,6.6,1009,33,9,113,6
2015-05-14,33,26,0.0,10.3,7,7,19,03:16 AM,03:41 PM,06:55 AM,07:06 PM,24,35,35,30,9,28,74,7.1,1010,33,9,88,6
2015-05-15,34,26,0.0,11.6,7,7,12,04:08 AM,04:35 PM,06:55 AM,07:06 PM,24,35,35,30,7,33,72,8.6,1011,34,9,79,5
2015-05-16,32,27,0.0,11.6,7,7,5,05:02 AM,05:30 PM,06:55 AM,07:06 PM,24,34,34,29,12,35,76,5.7,1010,32,10,162,8
2015-05-17,32,26,0.0,11.6,6,6,0,05:56 AM,06:25 PM,06:55 AM,07:06 PM,25,34,34,29,11,28,77,14.3,1009,32,9,160,7
2015-05-18,32,27,0.0,11.6,7,7,0,06:52 AM,07:22 PM,06:55 AM,07:06 PM,25,35,35,30,9,23,75,4.2,1009,32,10,157,6
2015-05-19,33,27,0.0,11.6,7,7,2,07:48 AM,08:17 PM,06:55 AM,07:06 PM,24,35,35,30,11,19,74,0.0,1010,33,10,162,8
2015-05-20,32,27,0.0,11.6,7,7,9,08:43 AM,09:13 PM,06:55 AM,07:07 PM,24,35,35,30,13,27,75,4.3,1010,32,10,154,9
2015-05-21,32,27,0.0,11.6,7,7,17,09:37 AM,10:05 PM,06:55 AM,07:07 PM,24,35,35,30,12,21,75,1.7,1010,32,10,137,8
2015-05-22,32,26,0.0,11.6,6,6,24,10:28 AM,10:56 PM,06:56 AM,07:07 PM,25,34,34,29,11,30,76,5.5,1010,32,9,161,8
2015-05-23,30,26,0.0,10.3,7,7,31,11:18 AM,11:44 PM,06:56 AM,07:07 PM,24,32,32,28,9,59,80,10.4,1011,30,10,189,6
2015-05-24,32,25,0.0,11.6,7,7,39,12:05 PM,No moonset,06:56 AM,07:07 PM,24,33,33,29,9,40,74,0.1,1010,32,10,193,6
2015-05-25,32,26,0.0,11.6,7,7,46,12:50 PM,12:29 AM,06:56 AM,07:07 PM,24,34,34,29,10,26,75,6.0,1010,32,10,158,7
2015-05-26,32,26,0.0,11.6,7,7,53,01:34 PM,01:13 AM,06:56 AM,07:07 PM,24,34,34,29,11,30,75,1.8,1011,32,10,153,8
2015-05-27,32,27,0.0,11.6,7,7,60,02:16 PM,01:55 AM,06:56 AM,07:07 PM,24,34,34,30,11,22,71,0.0,1010,32,10,141,8
2015-05-28,33,25,0.0,11.6,7,7,68,02:59 PM,02:37 AM,06:56 AM,07:07 PM,24,34,34,30,9,20,73,0.1,1009,33,10,148,6
2015-05-29,33,26,0.0,11.6,7,7,75,03:43 PM,03:19 AM,06:56 AM,07:08 PM,24,34,34,30,13,20,71,1.9,1010,33,10,143,9
2015-05-30,33,27,0.0,11.6,7,7,82,04:27 PM,04:02 AM,06:56 AM,07:08 PM,24,35,35,30,14,20,73,3.1,1009,33,10,132,10
2015-05-31,33,26,0.0,11.6,7,7,86,05:15 PM,04:47 AM,06:56 AM,07:08 PM,24,35,35,30,10,19,74,3.6,1009,33,10,126,7
2015-06-01,33,26,0.0,11.6,7,7,100,06:04 PM,05:35 AM,06:56 AM,07:08 PM,24,35,35,30,9,16,73,0.1,1008,33,10,133,7
2015-06-02,33,27,0.0,11.6,7,7,100,06:55 PM,06:25 AM,06:57 AM,07:08 PM,24,35,35,30,9,23,71,3.0,1009,33,10,120,6
2015-06-03,33,26,0.0,11.6,7,7,85,07:49 PM,07:18 AM,06:57 AM,07:08 PM,24,34,34,30,8,15,72,2.4,1009,33,10,172,6
2015-06-04,31,26,0.0,11.6,7,7,77,08:44 PM,08:12 AM,06:57 AM,07:09 PM,24,34,34,29,11,16,75,6.2,1008,31,9,114,8
2015-06-05,33,26,0.0,11.6,7,7,69,09:40 PM,09:08 AM,06:57 AM,07:09 PM,24,34,34,30,9,22,73,4.4,1008,33,9,123,6
2015-06-06,32,26,0.0,11.6,7,7,62,10:34 PM,10:03 AM,06:57 AM,07:09 PM,24,35,35,30,6,24,74,6.1,1008,32,9,159,4
2015-06-07,31,27,0.0,11.6,7,7,54,11:29 PM,10:58 AM,06:57 AM,07:09 PM,24,33,33,29,11,34,73,4.4,1009,31,10,188,7
2015-06-08,31,26,0.0,11.6,7,7,47,No moonrise,11:52 AM,06:58 AM,07:09 PM,24,33,33,29,9,40,76,7.8,1009,31,10,193,5
2015-06-09,32,25,0.0,10.3,7,7,39,12:21 AM,12:45 PM,06:58 AM,07:10 PM,24,33,33,29,9,42,75,8.1,1009,32,9,228,6
2015-06-10,31,26,0.0,11.6,7,7,32,01:13 AM,01:37 PM,06:58 AM,07:10 PM,24,34,34,29,9,31,74,0.0,1009,31,10,199,6
2015-06-11,31,27,0.0,11.6,7,7,24,02:04 AM,02:29 PM,06:58 AM,07:10 PM,24,34,34,29,10,20,73,3.8,1008,31,10,141,7
2015-06-12,30,26,0.0,7.6,6,6,17,02:55 AM,03:22 PM,06:58 AM,07:10 PM,24,32,32,28,11,73,79,11.7,1009,30,8,181,7
2015-06-13,30,25,0.0,8.9,7,7,9,03:48 AM,04:15 PM,06:58 AM,07:10 PM,23,31,31,28,8,57,78,3.3,1009,30,10,189,6
2015-06-14,29,26,0.0,8.9,7,7,2,04:41 AM,05:10 PM,06:59 AM,07:11 PM,24,31,31,27,17,65,81,2.7,1009,29,9,204,12
2015-06-15,31,25,0.0,11.6,6,6,0,05:36 AM,06:05 PM,06:59 AM,07:11 PM,23,33,33,29,14,43,73,3.4,1009,31,9,182,10
2015-06-16,29,26,0.0,8.9,7,7,0,06:30 AM,07:00 PM,06:59 AM,07:11 PM,23,31,31,28,13,62,75,4.8,1009,29,10,166,8
2015-06-17,32,26,0.0,11.6,7,7,0,07:25 AM,07:54 PM,06:59 AM,07:11 PM,23,33,33,29,12,31,71,0.0,1008,32,10,157,9
2015-06-18,32,27,0.0,11.6,7,7,6,08:18 AM,08:46 PM,07:00 AM,07:12 PM,23,34,34,29,14,25,71,1.1,1008,32,10,155,10
2015-06-19,32,26,0.0,11.6,7,7,13,09:09 AM,09:36 PM,07:00 AM,07:12 PM,24,34,34,29,14,27,76,1.1,1009,32,10,160,10
2015-06-20,32,27,0.0,11.6,7,7,21,09:58 AM,10:22 PM,07:00 AM,07:12 PM,24,34,34,29,15,31,74,0.0,1009,32,10,163,11
2015-06-21,33,27,0.0,11.6,7,7,28,10:44 AM,11:07 PM,07:00 AM,07:12 PM,24,35,35,30,14,13,73,0.6,1009,33,10,157,10
2015-06-22,33,27,0.0,11.6,7,7,36,11:29 AM,11:50 PM,07:00 AM,07:12 PM,24,35,35,30,14,11,71,2.7,1009,33,10,152,10
2015-06-23,33,27,0.0,11.6,7,7,44,12:12 PM,No moonset,07:01 AM,07:13 PM,24,34,34,30,15,14,72,0.7,1010,33,10,157,11
2015-06-24,32,27,0.0,11.6,6,6,51,12:55 PM,12:32 AM,07:01 AM,07:13 PM,24,34,34,29,17,21,74,0.8,1010,32,10,155,12
2015-06-25,32,27,0.0,11.6,7,7,59,01:38 PM,01:15 AM,07:01 AM,07:13 PM,24,34,34,29,15,20,73,0.1,1010,32,10,150,11
2015-06-26,33,27,0.0,11.6,7,7,66,02:21 PM,01:57 AM,07:01 AM,07:13 PM,24,34,34,30,13,18,71,0.3,1010,33,10,145,10
2015-06-27,33,27,0.0,11.6,7,7,74,03:07 PM,02:41 AM,07:01 AM,07:14 PM,23,34,34,30,15,13,71,0.0,1011,33,10,155,11
2015-06-28,33,27,0.0,11.6,7,7,81,03:55 PM,03:27 AM,07:02 AM,07:14 PM,24,34,34,30,15,7,73,0.4,1013,33,10,154,12
2015-06-29,33,26,0.0,11.6,7,7,89,04:45 PM,04:15 AM,07:02 AM,07:14 PM,24,35,35,30,12,6,74,2.7,1013,33,10,154,9
2015-06-30,33,26,0.0,11.6,7,7,96,05:38 PM,05:07 AM,07:02 AM,07:14 PM,24,35,35,30,12,7,72,0.0,1012,33,10,142,9
2015-07-01,33,26,0.0,11.6,7,7,100,06:33 PM,06:01 AM,07:02 AM,07:14 PM,24,34,34,30,11,11,72,0.7,1012,33,10,174,8
2015-07-02,32,26,0.0,11.6,7,7,100,07:30 PM,06:57 AM,07:03 AM,07:14 PM,24,34,34,29,13,18,75,1.6,1011,32,10,161,10
2015-07-03,32,26,0.0,11.6,7,7,85,08:26 PM,07:54 AM,07:03 AM,07:15 PM,24,34,34,29,15,11,73,0.8,1010,32,10,159,11
2015-07-04,31,27,0.0,10.2,7,7,78,09:22 PM,08:50 AM,07:03 AM,07:15 PM,23,32,32,29,14,26,71,0.4,1010,31,10,185,10
2015-07-05,32,26,0.0,11.6,7,7,71,10:16 PM,09:47 AM,07:03 AM,07:15 PM,23,33,33,29,14,15,71,0.0,1009,32,10,160,11
2015-07-06,32,27,0.0,11.6,6,6,63,11:10 PM,10:41 AM,07:03 AM,07:15 PM,23,33,33,29,16,16,72,2.0,1008,32,10,154,12
2015-07-07,32,26,0.0,10.2,6,6,56,No moonrise,11:35 AM,07:04 AM,07:15 PM,23,33,33,29,15,28,73,4.6,1008,32,9,164,10
2015-07-08,31,26,0.0,11.6,7,7,49,12:02 AM,12:27 PM,07:04 AM,07:15 PM,24,33,33,29,12,22,76,1.0,1009,31,10,165,9
2015-07-09,33,25,0.0,11.6,7,7,42,12:53 AM,01:19 PM,07:04 AM,07:16 PM,23,33,33,29,10,29,72,0.1,1009,33,10,200,8
2015-07-10,32,26,0.0,11.6,7,7,34,01:45 AM,02:12 PM,07:04 AM,07:16 PM,24,34,34,29,14,14,76,4.8,1009,32,10,177,10
2015-07-11,32,27,0.0,11.6,7,7,27,02:37 AM,03:05 PM,07:04 AM,07:16 PM,24,34,34,29,14,21,74,1.1,1009,32,10,164,10
2015-07-12,32,27,0.0,11.6,7,7,20,03:30 AM,03:59 PM,07:04 AM,07:16 PM,24,34,34,29,15,22,74,2.2,1008,32,10,152,11
2015-07-13,32,27,0.0,11.6,7,7,13,04:23 AM,04:52 PM,07:04 AM,07:16 PM,24,34,34,29,15,28,73,0.2,1007,32,10,161,11
2015-07-14,31,26,0.0,11.6,6,6,5,05:17 AM,05:46 PM,07:05 AM,07:16 PM,24,33,33,29,16,46,75,2.4,1007,31,10,188,12
2015-07-15,31,26,0.0,11.6,6,6,0,06:10 AM,06:38 PM,07:05 AM,07:16 PM,24,34,34,29,13,32,76,6.3,1008,31,10,183,9
2015-07-16,31,27,0.0,11.6,7,7,0,07:01 AM,07:29 PM,07:05 AM,07:16 PM,25,34,34,29,14,30,78,2.5,1007,31,10,151,10
2015-07-17,33,27,0.0,11.6,7,7,2,07:51 AM,08:16 PM,07:05 AM,07:16 PM,24,34,34,29,15,24,75,11.8,1009,33,9,148,10
2015-07-18,32,27,0.0,11.6,7,7,9,08:38 AM,09:02 PM,07:05 AM,07:16 PM,24,34,34,29,16,32,74,0.1,1009,32,10,149,12
2015-07-19,31,26,0.0,11.6,6,6,16,09:24 AM,09:46 PM,07:05 AM,07:17 PM,24,33,33,29,15,27,76,3.2,1009,31,10,154,10
2015-07-20,32,26,0.0,11.6,7,7,24,10:07 AM,10:28 PM,07:05 AM,07:17 PM,24,33,33,29,15,31,76,0.0,1009,32,10,145,11
2015-07-21,31,26,0.0,11.6,7,7,31,10:50 AM,11:11 PM,07:05 AM,07:17 PM,24,34,34,29,14,17,74,3.0,1011,31,10,152,10
2015-07-22,33,26,0.0,11.6,7,7,38,11:33 AM,11:53 PM,07:05 AM,07:17 PM,23,34,34,30,13,12,71,0.0,1011,33,10,130,10
2015-07-23,33,26,0.0,11.6,7,7,45,12:16 PM,No moonset,07:06 AM,07:17 PM,24,34,34,29,13,14,72,3.3,1011,33,10,128,9
2015-07-24,33,26,0.0,11.6,7,7,53,01:00 PM,12:35 AM,07:06 AM,07:17 PM,23,34,34,29,11,16,72,4.2,1011,33,10,131,8
2015-07-25,33,25,0.0,11.6,7,7,60,01:46 PM,01:20 AM,07:06 AM,07:17 PM,24,34,34,30,10,10,71,0.6,1011,33,10,142,8
2015-07-26,31,27,0.0,11.6,7,7,67,02:34 PM,02:06 AM,07:06 AM,07:17 PM,23,33,33,29,13,17,70,4.3,1011,31,10,155,9
2015-07-27,32,26,0.0,11.6,7,7,74,03:26 PM,02:55 AM,07:06 AM,07:17 PM,23,33,33,29,13,19,69,3.0,1012,32,10,148,9
2015-07-28,33,27,0.0,11.6,7,7,82,04:19 PM,03:47 AM,07:06 AM,07:16 PM,23,33,33,29,13,28,69,2.3,1012,33,10,122,9
2015-07-29,32,27,0.0,11.6,7,7,89,05:15 PM,04:42 AM,07:06 AM,07:16 PM,23,33,33,29,14,22,70,0.2,1011,32,10,127,10
2015-07-30,32,26,0.0,11.6,7,7,96,06:12 PM,05:39 AM,07:06 AM,07:16 PM,23,33,33,29,13,19,70,4.2,1011,32,10,145,9
2015-07-31,31,25,0.0,11.6,6,6,100,07:09 PM,06:36 AM,07:06 AM,07:16 PM,23,32,32,28,9,32,75,4.5,1010,31,9,151,6
2015-08-01,30,26,0.0,8.8,7,7,89,08:06 PM,07:34 AM,07:06 AM,07:16 PM,23,31,31,28,10,68,73,0.1,1011,30,10,147,8
2015-08-02,32,25,0.0,10.2,7,7,82,09:01 PM,08:30 AM,07:06 AM,07:16 PM,23,32,32,29,12,31,71,0.1,1011,32,10,162,9
2015-08-03,30,26,0.0,11.6,7,7,75,09:55 PM,09:27 AM,07:06 AM,07:16 PM,22,31,31,28,13,38,72,3.3,1011,30,10,166,9
2015-08-04,31,25,0.0,11.6,7,7,67,10:48 PM,10:21 AM,07:06 AM,07:16 PM,22,31,31,28,9,31,69,0.1,1011,31,10,185,7
2015-08-05,31,26,0.0,11.6,7,7,60,11:42 PM,11:15 AM,07:06 AM,07:16 PM,23,32,32,29,12,31,71,0.9,1009,31,10,163,9
2015-08-06,31,26,0.0,11.6,7,7,53,No moonrise,12:08 PM,07:05 AM,07:16 PM,23,33,33,29,12,27,73,5.1,1008,31,10,165,8
2015-08-07,32,26,0.0,11.6,7,7,46,12:34 AM,01:02 PM,07:05 AM,07:15 PM,23,32,32,29,14,24,73,2.6,1009,32,10,170,11
2015-08-08,31,26,0.0,11.6,7,7,38,01:27 AM,01:55 PM,07:05 AM,07:15 PM,23,33,33,29,13,30,73,3.9,1008,31,10,165,9
2015-08-09,31,27,0.0,10.2,7,7,31,02:20 AM,02:49 PM,07:05 AM,07:15 PM,23,33,33,29,11,37,71,2.8,1007,31,10,131,8
2015-08-10,32,27,0.0,11.6,7,7,24,03:13 AM,03:42 PM,07:05 AM,07:15 PM,24,34,34,29,15,27,72,4.8,1008,32,10,152,10
2015-08-11,32,27,0.0,11.6,7,7,16,04:05 AM,04:33 PM,07:05 AM,07:15 PM,24,33,33,29,13,42,74,7.8,1009,32,10,163,9
2015-08-12,32,26,0.0,10.2,7,7,9,04:56 AM,05:24 PM,07:05 AM,07:15 PM,23,33,33,29,11,49,72,0.1,1011,32,10,209,8
2015-08-13,32,26,0.0,11.6,7,7,2,05:46 AM,06:12 PM,07:05 AM,07:14 PM,23,33,33,29,13,31,73,1.7,1010,32,10,141,9
2015-08-14,33,26,0.0,11.6,7,7,0,06:34 AM,06:58 PM,07:05 AM,07:14 PM,24,34,34,29,10,22,73,4.3,1010,33,9,126,7
2015-08-15,32,26,0.0,11.6,7,7,0,07:20 AM,07:43 PM,07:04 AM,07:14 PM,23,33,33,29,13,28,72,4.3,1010,32,10,138,9
2015-08-16,31,26,0.0,11.6,7,7,5,08:04 AM,08:25 PM,07:04 AM,07:14 PM,23,33,33,29,14,26,71,4.1,1011,31,9,148,9
2015-08-17,32,26,0.0,11.6,7,7,12,08:47 AM,09:08 PM,07:04 AM,07:13 PM,22,32,32,29,14,25,67,0.3,1011,32,10,156,10
2015-08-18,32,26,0.0,11.6,7,7,20,09:30 AM,09:50 PM,07:04 AM,07:13 PM,22,32,32,29,14,28,67,0.3,1011,32,10,153,10
2015-08-19,33,26,0.0,11.6,7,7,27,10:12 AM,10:32 PM,07:04 AM,07:13 PM,22,33,33,29,13,13,66,0.0,1011,33,10,153,10
2015-08-20,33,27,0.0,11.6,7,7,34,10:56 AM,11:15 PM,07:04 AM,07:13 PM,23,34,34,30,14,16,68,2.0,1011,33,10,162,10
2015-08-21,32,26,0.0,11.6,7,7,42,11:41 AM,12:00 AM,07:03 AM,07:12 PM,23,33,33,29,11,22,71,2.4,1010,32,10,185,8
2015-08-22,32,26,0.0,10.2,7,7,49,12:26 PM,No moonset,07:03 AM,07:12 PM,23,33,33,29,14,18,72,0.6,1010,32,10,150,10
2015-08-23,32,26,0.0,11.6,7,7,56,01:16 PM,12:46 AM,07:03 AM,07:12 PM,23,32,32,29,17,16,72,0.9,1010,32,10,143,13
2015-08-24,30,26,0.0,11.6,6,6,63,02:06 PM,01:36 AM,07:03 AM,07:11 PM,23,32,32,28,16,36,74,3.4,1011,30,10,154,12
2015-08-25,31,26,0.0,11.6,7,7,71,03:00 PM,02:28 AM,07:02 AM,07:11 PM,23,33,33,29,14,37,75,3.4,1010,31,10,150,10
2015-08-26,32,26,0.0,10.2,7,7,78,03:55 PM,03:23 AM,07:02 AM,07:11 PM,23,33,33,29,13,44,71,3.7,1010,32,10,138,10
2015-08-27,32,26,0.0,11.6,7,7,85,04:52 PM,04:19 AM,07:02 AM,07:11 PM,23,33,33,29,12,22,73,1.1,1010,32,10,117,10
2015-08-28,32,25,0.0,11.6,7,7,92,05:49 PM,05:17 AM,07:02 AM,07:10 PM,24,33,33,29,13,28,74,1.3,1010,32,10,114,10
2015-08-29,32,26,0.0,11.6,7,7,100,06:45 PM,06:14 AM,07:01 AM,07:10 PM,23,33,33,29,15,15,72,5.5,1010,32,10,138,11
2015-08-30,32,26,0.0,11.6,7,7,100,07:42 PM,07:11 AM,07:01 AM,07:10 PM,22,32,32,29,15,14,68,2.4,1011,32,10,154,11
2015-08-31,32,26,0.0,11.6,7,7,89,08:37 PM,08:08 AM,07:01 AM,07:09 PM,23,32,32,29,18,19,70,0.1,1011,32,10,147,13
2015-09-01,31,26,0.0,10.2,7,7,74,09:32 PM,09:04 AM,07:01 AM,07:09 PM,23,32,32,29,13,49,74,2.0,1010,31,10,151,9
2015-09-02,33,27,0.0,11.6,7,7,66,10:26 PM,09:59 AM,07:00 AM,07:08 PM,23,33,33,30,15,37,68,0.0,1010,33,10,151,11
2015-09-03,32,26,0.0,11.6,7,7,59,11:21 PM,10:55 AM,07:00 AM,07:08 PM,23,33,33,29,16,23,71,1.1,1011,32,10,135,12
2015-09-04,32,26,0.0,11.6,6,6,51,No moonrise,11:50 AM,07:00 AM,07:08 PM,23,34,34,30,12,30,69,7.0,1012,32,9,134,9
2015-09-05,30,26,0.0,7.6,6,6,44,12:15 AM,12:44 PM,06:59 AM,07:07 PM,23,32,32,28,11,67,75,2.1,1010,30,9,198,8
2015-09-06,30,26,0.0,8.9,7,7,36,01:09 AM,01:38 PM,06:59 AM,07:07 PM,23,32,32,28,12,65,75,2.8,1010,30,10,189,9
2015-09-07,33,25,0.0,11.6,7,7,29,02:02 AM,02:30 PM,06:59 AM,07:07 PM,22,32,32,29,14,22,68,0.0,1011,33,10,153,10
2015-09-08,32,27,0.0,11.6,7,7,21,02:54 AM,03:21 PM,06:59 AM,07:06 PM,22,33,33,29,15,22,67,0.4,1010,32,10,153,12
2015-09-09,32,26,0.0,10.3,6,6,14,03:44 AM,04:09 PM,06:58 AM,07:06 PM,22,32,32,29,12,37,68,3.5,1011,32,10,175,9
2015-09-10,32,25,0.0,11.6,7,7,6,04:31 AM,04:56 PM,06:58 AM,07:05 PM,22,31,31,28,11,25,69,0.0,1012,32,10,206,8
2015-09-11,32,25,0.0,11.6,7,7,0,05:18 AM,05:41 PM,06:58 AM,07:05 PM,22,32,32,29,14,16,69,0.1,1011,32,10,145,10
2015-09-12,33,25,0.0,11.6,7,7,0,06:02 AM,06:24 PM,06:57 AM,07:05 PM,23,32,32,29,15,18,71,0.0,1011,33,10,148,12
2015-09-13,32,26,0.0,11.6,7,7,0,06:45 AM,07:06 PM,06:57 AM,07:04 PM,23,33,33,29,13,32,70,1.6,1011,32,10,153,10
2015-09-14,32,26,0.0,11.6,7,7,1,07:28 AM,07:48 PM,06:57 AM,07:04 PM,23,33,33,29,13,23,69,0.0,1010,32,10,159,10
2015-09-15,32,26,0.0,11.6,7,7,9,08:11 AM,08:30 PM,06:56 AM,07:03 PM,23,32,32,29,14,29,73,7.8,1009,32,9,164,9
2015-09-16,31,26,0.0,11.6,6,6,16,08:54 AM,09:13 PM,06:56 AM,07:03 PM,23,33,33,29,15,22,72,3.7,1009,31,10,147,12
2015-09-17,31,26,0.0,8.9,7,7,24,09:38 AM,09:57 PM,06:56 AM,07:03 PM,23,33,33,29,11,58,74,2.1,1009,31,10,165,8
2015-09-18,31,26,0.0,8.9,7,7,32,10:23 AM,10:42 PM,06:55 AM,07:02 PM,23,33,33,29,10,58,75,1.3,1010,31,10,158,8
2015-09-19,31,26,0.0,8.9,7,7,39,11:10 AM,11:30 PM,06:55 AM,07:02 PM,23,33,33,29,9,57,75,2.8,1010,31,9,153,7
2015-09-20,31,26,0.0,8.9,7,7,47,11:59 AM,No moonset,06:55 AM,07:01 PM,23,33,33,29,10,57,73,3.7,1010,31,10,181,7
2015-09-21,35,25,0.0,11.6,7,7,54,12:50 PM,12:19 AM,06:54 AM,07:01 PM,24,35,35,30,8,15,71,0.3,1009,35,10,109,6
2015-09-22,32,26,0.0,11.6,7,7,62,01:43 PM,01:12 AM,06:54 AM,07:01 PM,23,34,34,30,13,18,70,1.4,1009,32,10,152,9
2015-09-23,33,26,0.0,11.6,7,7,69,02:37 PM,02:05 AM,06:54 AM,07:00 PM,23,33,33,29,13,13,69,0.0,1010,33,10,184,10
2015-09-24,33,25,0.0,11.6,7,7,77,03:33 PM,03:01 AM,06:53 AM,07:00 PM,23,33,33,29,11,7,69,0.0,1010,33,10,217,8
2015-09-25,33,26,0.0,11.6,7,7,84,04:28 PM,03:57 AM,06:53 AM,07:00 PM,22,32,32,29,13,29,67,0.1,1010,33,10,169,9
2015-09-26,33,25,0.0,11.6,7,7,92,05:24 PM,04:53 AM,06:53 AM,06:59 PM,22,32,32,29,14,25,68,1.0,1009,33,10,140,10
2015-09-27,33,26,0.0,11.6,7,7,99,06:19 PM,05:50 AM,06:52 AM,06:59 PM,23,33,33,30,11,18,68,0.8,1009,33,10,158,9
2015-09-28,32,25,0.0,11.6,7,7,100,07:15 PM,06:46 AM,06:52 AM,06:58 PM,23,33,33,29,10,24,70,1.8,1009,32,10,192,7
2015-09-29,31,26,0.0,11.6,6,6,85,08:11 PM,07:43 AM,06:52 AM,06:58 PM,24,33,33,29,12,36,74,1.5,1009,31,10,155,8
2015-09-30,33,25,0.0,11.6,7,7,78,09:08 PM,08:40 AM,06:52 AM,06:58 PM,23,33,33,29,10,24,72,4.2,1011,33,10,128,7
2015-10-01,33,26,0.0,11.6,7,7,75,10:04 PM,09:38 AM,06:51 AM,06:57 PM,23,34,34,29,11,19,70,8.8,1012,33,9,123,7
2015-10-02,33,26,0.0,11.6,7,7,68,11:00 PM,10:34 AM,06:51 AM,06:57 PM,22,33,33,29,9,29,68,4.8,1012,33,10,173,6
2015-10-03,33,25,0.0,11.6,7,7,61,11:56 PM,11:31 AM,06:51 AM,06:57 PM,23,33,33,29,12,11,70,0.0,1012,33,10,163,9
2015-10-04,33,26,0.0,11.6,7,7,53,No moonrise,12:25 PM,06:50 AM,06:56 PM,24,34,34,29,13,10,72,0.7,1012,33,10,144,10
2015-10-05,32,26,0.0,11.6,6,6,46,12:49 AM,01:17 PM,06:50 AM,06:56 PM,24,34,34,29,8,21,72,3.8,1012,32,10,129,6
2015-10-06,32,25,0.0,11.6,6,6,39,01:40 AM,02:07 PM,06:50 AM,06:56 PM,23,33,33,29,10,24,73,7.4,1011,32,9,95,6
2015-10-07,33,26,0.0,11.6,7,7,31,02:29 AM,02:54 PM,06:50 AM,06:55 PM,23,34,34,30,8,24,70,1.8,1011,33,10,73,6
2015-10-08,32,26,0.0,11.6,6,6,24,03:16 AM,03:39 PM,06:49 AM,06:55 PM,24,34,34,29,8,20,72,6.1,1011,32,9,95,6
2015-10-09,33,26,0.0,11.6,7,7,17,04:00 AM,04:22 PM,06:49 AM,06:55 PM,23,34,34,30,10,8,66,0.9,1011,33,10,129,7
2015-10-10,33,25,0.0,11.6,7,7,10,04:44 AM,05:05 PM,06:49 AM,06:54 PM,23,34,34,30,10,7,69,0.0,1011,33,10,142,8
2015-10-11,33,26,0.0,11.6,7,7,2,05:27 AM,05:47 PM,06:49 AM,06:54 PM,23,34,34,30,11,6,68,0.0,1012,33,10,123,9
2015-10-12,33,26,0.0,11.6,7,7,0,06:09 AM,06:29 PM,06:48 AM,06:54 PM,24,35,35,30,11,7,70,0.4,1012,33,10,112,8
2015-10-13,33,26,0.0,11.6,7,7,0,06:52 AM,07:12 PM,06:48 AM,06:53 PM,24,34,34,30,10,10,72,0.2,1012,33,10,99,8
2015-10-14,33,26,0.0,11.6,7,7,5,07:36 AM,07:55 PM,06:48 AM,06:53 PM,24,34,34,30,9,20,71,0.7,1011,33,10,104,7
2015-10-15,34,27,0.0,11.6,7,7,12,08:21 AM,08:40 PM,06:48 AM,06:53 PM,23,35,35,30,11,12,68,0.0,1011,34,10,115,9
2015-10-16,34,26,0.0,11.6,7,7,19,09:08 AM,09:27 PM,06:47 AM,06:53 PM,23,35,35,31,9,10,64,0.0,1010,34,10,121,7
2015-10-17,34,26,0.0,11.6,7,7,27,09:56 AM,10:16 PM,06:47 AM,06:52 PM,22,34,34,30,12,11,63,0.0,1011,34,10,146,9
2015-10-18,34,27,0.0,11.6,7,7,34,10:46 AM,11:07 PM,06:47 AM,06:52 PM,23,35,35,30,12,13,67,0.1,1011,34,10,143,9
2015-10-19,33,26,0.0,11.6,7,7,41,11:37 AM,11:58 PM,06:47 AM,06:52 PM,23,35,35,30,13,5,69,0.0,1011,33,10,143,10
2015-10-20,34,26,0.0,11.6,7,7,48,12:29 PM,No moonset,06:47 AM,06:52 PM,22,33,33,30,14,8,66,0.0,1010,34,10,146,11
2015-10-21,34,26,0.0,11.6,7,7,56,01:22 PM,12:51 AM,06:47 AM,06:51 PM,23,35,35,31,12,5,66,0.0,1010,34,10,133,10
2015-10-22,34,26,0.0,11.6,7,7,63,02:15 PM,01:45 AM,06:47 AM,06:51 PM,23,34,34,30,13,18,67,0.1,1010,34,10,131,9
2015-10-23,33,26,0.0,11.6,7,7,70,03:09 PM,02:39 AM,06:46 AM,06:51 PM,23,34,34,30,14,19,68,2.4,1009,33,10,121,11
2015-10-24,32,27,0.0,8.8,6,6,77,04:03 PM,03:34 AM,06:46 AM,06:51 PM,23,34,34,30,13,48,68,3.8,1009,32,9,145,9
2015-10-25,33,27,0.0,10.2,6,6,85,04:57 PM,04:28 AM,06:46 AM,06:51 PM,23,34,34,29,11,51,71,6.2,1010,33,9,130,7
2015-10-26,33,26,0.0,11.6,7,7,92,05:53 PM,05:24 AM,06:46 AM,06:51 PM,23,33,33,29,8,38,69,1.0,1010,33,10,92,6
2015-10-27,34,26,0.0,10.2,7,7,99,06:49 PM,06:21 AM,06:46 AM,06:50 PM,23,34,34,29,7,46,71,2.7,1010,34,10,70,5
2015-10-28,31,26,0.0,11.6,7,7,100,07:46 PM,07:19 AM,06:46 AM,06:50 PM,23,32,32,28,11,51,75,3.0,1011,31,10,137,7
2015-10-29,34,25,0.0,11.6,7,7,86,08:44 PM,08:17 AM,06:46 AM,06:50 PM,23,33,33,29,11,24,69,0.2,1011,34,10,125,8
2015-10-30,33,25,0.0,11.6,7,7,79,09:42 PM,09:15 AM,06:46 AM,06:50 PM,23,33,33,29,8,35,72,10.3,1011,33,9,156,5
2015-10-31,33,25,0.0,8.8,7,7,75,10:38 PM,10:12 AM,06:46 AM,06:50 PM,24,33,33,29,8,48,74,6.5,1010,33,10,179,6
2015-11-01,34,25,0.0,11.6,7,7,59,11:32 PM,11:08 AM,06:46 AM,06:50 PM,23,34,34,29,10,31,71,3.5,1011,34,10,179,7
2015-11-02,33,26,0.0,10.2,6,6,52,No moonrise,12:00 PM,06:46 AM,06:50 PM,23,33,33,29,8,48,72,4.7,1010,33,9,162,5
2015-11-03,34,26,0.0,11.6,7,7,44,12:23 AM,12:49 PM,06:46 AM,06:50 PM,24,34,34,30,9,30,73,3.5,1009,34,10,205,6
2015-11-04,33,26,0.0,11.6,7,7,37,01:12 AM,01:36 PM,06:46 AM,06:50 PM,24,34,34,29,5,22,74,1.9,1009,33,10,95,4
2015-11-05,33,25,0.0,11.6,7,7,29,01:58 AM,02:20 PM,06:46 AM,06:50 PM,23,34,34,30,6,17,71,3.4,1009,33,10,197,4
2015-11-06,33,26,0.0,11.6,7,7,22,02:42 AM,03:03 PM,06:46 AM,06:50 PM,25,35,35,30,6,20,76,11.3,1009,33,9,171,4
2015-11-07,33,25,0.0,11.6,7,7,14,03:25 AM,03:45 PM,06:46 AM,06:50 PM,23,33,33,29,9,24,72,2.4,1010,33,10,190,6
2015-11-08,33,26,0.0,11.6,7,7,6,04:07 AM,04:27 PM,06:46 AM,06:50 PM,23,34,34,30,5,28,67,0.0,1011,33,10,119,4
2015-11-09,34,26,0.0,11.6,7,7,0,04:50 AM,05:09 PM,06:46 AM,06:50 PM,23,34,34,30,4,39,69,0.4,1010,34,10,184,3
2015-11-10,34,26,0.0,11.6,7,7,0,05:34 AM,05:53 PM,06:46 AM,06:50 PM,24,34,34,30,10,23,74,13.1,1009,34,9,79,6
2015-11-11,32,26,0.0,11.6,7,7,0,06:18 AM,06:37 PM,06:46 AM,06:50 PM,24,34,34,29,7,33,78,17.4,1009,32,9,231,4
2015-11-12,33,26,0.0,11.6,7,7,1,07:05 AM,07:25 PM,06:47 AM,06:50 PM,24,33,33,29,8,49,73,1.9,1010,33,10,211,5
2015-11-13,33,26,0.0,11.6,7,7,8,07:53 AM,08:13 PM,06:47 AM,06:50 PM,24,35,35,30,7,29,73,6.6,1010,33,10,97,4
2015-11-14,32,26,0.0,11.6,7,7,16,08:43 AM,09:04 PM,06:47 AM,06:51 PM,24,34,34,29,12,19,73,1.1,1009,32,10,42,8
2015-11-15,31,26,0.0,11.6,7,7,24,09:34 AM,09:56 PM,06:47 AM,06:51 PM,24,33,33,29,10,33,77,15.3,1009,31,9,104,6
2015-11-16,30,26,0.0,7.4,6,6,31,10:26 AM,10:48 PM,06:47 AM,06:51 PM,24,32,32,28,9,66,82,12.0,1009,30,9,276,5
2015-11-17,30,25,0.0,8.8,7,7,39,11:19 AM,11:41 PM,06:47 AM,06:51 PM,24,31,31,27,9,71,82,2.8,1010,30,10,157,6
2015-11-18,32,26,0.0,7.4,6,6,46,12:10 PM,No moonset,06:48 AM,06:51 PM,23,33,33,29,11,58,73,0.5,1009,32,10,65,8
2015-11-19,33,26,0.0,11.6,7,7,54,01:02 PM,12:33 AM,06:48 AM,06:51 PM,24,34,34,29,11,35,72,4.6,1009,33,10,44,7
2015-11-20,31,26,0.0,11.6,6,6,61,01:54 PM,01:26 AM,06:48 AM,06:52 PM,24,33,33,29,9,29,76,10.1,1008,31,9,142,6
2015-11-21,32,25,0.0,11.6,7,7,69,02:46 PM,02:18 AM,06:48 AM,06:52 PM,24,34,34,29,7,27,75,1.4,1008,32,10,191,5
2015-11-22,32,25,0.0,11.6,7,7,76,03:39 PM,03:11 AM,06:49 AM,06:52 PM,24,33,33,29,9,34,75,1.0,1008,32,10,259,6
2015-11-23,33,25,0.0,11.6,7,7,84,04:33 PM,04:05 AM,06:49 AM,06:52 PM,23,34,34,29,7,27,71,0.1,1008,33,10,212,5
2015-11-24,33,26,0.0,11.6,7,7,91,05:29 PM,05:01 AM,06:49 AM,06:53 PM,25,34,34,29,6,35,79,13.2,1009,33,9,183,4
2015-11-25,31,26,0.0,10.2,7,7,99,06:25 PM,05:58 AM,06:49 AM,06:53 PM,24,33,33,28,7,52,80,14.0,1009,31,9,261,5
2015-11-26,28,25,0.0,7.4,7,7,100,07:24 PM,06:56 AM,06:50 AM,06:53 PM,24,30,30,27,14,73,86,5.2,1009,28,8,222,9
2015-11-27,29,25,0.0,7.4,6,6,86,08:21 PM,07:55 AM,06:50 AM,06:53 PM,24,31,31,27,12,77,86,9.6,1009,29,9,167,7
2015-11-28,32,24,0.0,11.6,7,7,78,09:18 PM,08:52 AM,06:50 AM,06:54 PM,24,32,32,28,10,36,79,4.3,1010,32,10,165,7
2015-11-29,33,26,0.0,11.6,7,7,71,10:12 PM,09:48 AM,06:51 AM,06:54 PM,24,33,33,29,9,33,76,6.0,1011,33,10,51,6
2015-11-30,33,25,0.0,11.6,7,7,63,11:03 PM,10:40 AM,06:51 AM,06:54 PM,24,33,33,29,8,32,75,5.4,1011,33,10,188,5
2015-12-01,31,26,0.0,11.6,7,7,61,11:51 PM,11:29 AM,06:52 AM,06:55 PM,24,32,32,28,10,43,78,7.0,1010,31,10,225,6
2015-12-02,31,25,0.0,11.6,7,7,54,No moonrise,12:15 PM,06:52 AM,06:55 PM,24,32,32,28,11,42,78,6.8,1011,31,9,101,7
2015-12-03,32,26,0.0,11.6,6,6,46,12:37 AM,12:59 PM,06:52 AM,06:56 PM,24,33,33,29,14,28,79,20.9,1010,32,9,32,9
2015-12-04,31,27,0.0,11.6,6,6,39,01:21 AM,01:42 PM,06:53 AM,06:56 PM,25,34,34,29,13,36,79,21.7,1010,31,9,52,8
2015-12-05,31,26,0.0,11.6,7,7,32,02:04 AM,02:23 PM,06:53 AM,06:56 PM,25,33,33,29,12,19,80,9.8,1010,31,9,69,8
2015-12-06,31,26,0.0,11.6,7,7,25,02:46 AM,03:06 PM,06:54 AM,06:57 PM,25,33,33,29,13,25,79,4.7,1010,31,9,147,9
2015-12-07,31,26,0.0,11.6,7,7,17,03:30 AM,03:49 PM,06:54 AM,06:57 PM,24,33,33,28,17,26,78,4.6,1010,31,10,109,11
2015-12-08,31,26,0.0,11.6,7,7,10,04:13 AM,04:32 PM,06:54 AM,06:58 PM,25,33,33,28,11,34,81,10.5,1010,31,9,77,7
2015-12-09,31,26,0.0,11.6,7,7,3,04:59 AM,05:19 PM,06:55 AM,06:58 PM,25,34,34,29,10,28,79,6.8,1011,31,10,77,7
2015-12-10,32,26,0.0,11.6,7,7,0,05:47 AM,06:07 PM,06:55 AM,06:58 PM,24,34,34,29,11,27,77,3.9,1010,32,10,114,7
2015-12-11,33,26,0.0,11.6,7,7,0,06:37 AM,06:58 PM,06:56 AM,06:59 PM,24,34,34,29,11,25,77,1.9,1010,33,10,107,8
2015-12-12,32,26,0.0,10.2,7,7,4,07:29 AM,07:50 PM,06:56 AM,06:59 PM,24,34,34,29,11,44,77,13.3,1009,32,9,261,7
2015-12-13,29,25,0.0,8.9,7,7,12,08:21 AM,08:44 PM,06:57 AM,07:00 PM,24,31,31,27,13,70,84,19.3,1010,29,9,270,7
2015-12-14,29,25,0.0,10.3,6,6,19,09:15 AM,09:38 PM,06:57 AM,07:00 PM,24,32,32,28,11,57,83,2.9,1010,29,10,170,7
2015-12-15,29,25,0.0,11.6,7,7,26,10:08 AM,10:30 PM,06:58 AM,07:01 PM,24,31,31,27,13,55,83,1.2,1010,29,9,212,8
2015-12-16,30,26,0.0,10.3,7,7,33,11:00 AM,11:23 PM,06:58 AM,07:01 PM,24,31,31,28,15,68,81,3.7,1010,30,10,297,10
2015-12-17,30,25,0.0,7.6,6,6,41,11:52 AM,No moonset,06:59 AM,07:02 PM,23,30,30,26,21,81,84,2.5,1011,30,9,148,14
2015-12-18,26,25,0.0,6.2,6,6,48,12:42 PM,12:15 AM,06:59 AM,07:02 PM,23,28,28,25,21,72,85,1.7,1011,26,7,82,13
2015-12-19,29,25,0.0,8.8,7,7,55,01:34 PM,01:07 AM,07:00 AM,07:03 PM,23,30,30,27,16,61,82,8.1,1010,29,9,171,11
2015-12-20,29,25,0.0,8.8,7,7,62,02:25 PM,01:59 AM,07:00 AM,07:03 PM,23,30,30,27,16,58,82,4.6,1010,29,9,158,11
2015-12-21,32,26,0.0,11.6,7,7,70,03:18 PM,02:52 AM,07:01 AM,07:04 PM,24,32,32,28,11,40,77,6.5,1011,32,10,210,8
2015-12-22,31,25,0.0,11.6,7,7,77,04:12 PM,03:46 AM,07:01 AM,07:04 PM,24,34,34,29,8,15,77,1.4,1011,31,10,283,5
2015-12-23,32,25,0.0,11.6,7,7,84,05:08 PM,04:42 AM,07:02 AM,07:05 PM,24,33,33,29,8,26,76,7.5,1011,32,10,208,5
2015-12-24,32,26,0.0,11.6,7,7,92,06:05 PM,05:39 AM,07:02 AM,07:05 PM,24,33,33,28,12,35,78,10.3,1011,32,9,68,7
2015-12-25,31,26,0.0,11.6,7,7,99,07:02 PM,06:36 AM,07:03 AM,07:06 PM,24,32,32,28,15,33,79,1.4,1011,31,10,25,11
2015-12-26,31,26,0.0,11.6,7,7,100,07:58 PM,07:33 AM,07:03 AM,07:06 PM,23,32,32,28,18,35,77,0.2,1011,31,10,29,13
2015-12-27,31,25,0.0,11.6,7,7,87,08:51 PM,08:27 AM,07:04 AM,07:07 PM,24,32,32,28,15,40,79,1.4,1012,31,10,70,10
2015-12-28,31,26,0.0,11.6,6,6,79,09:42 PM,09:19 AM,07:04 AM,07:07 PM,24,32,32,28,16,42,78,7.8,1013,31,9,43,10
2015-12-29,29,25,0.0,10.2,7,7,72,10:29 PM,10:07 AM,07:05 AM,07:08 PM,23,30,30,27,17,58,82,3.6,1009,29,9,164,12
2015-12-30,31,26,0.0,11.6,7,7,65,11:15 PM,10:53 AM,07:05 AM,07:08 PM,23,31,31,28,21,46,75,0.5,1012,31,10,18,15
2015-12-31,31,25,0.0,11.6,7,7,61,11:59 PM,11:37 AM,07:06 AM,07:09 PM,23,31,31,27,20,46,78,2.1,1012,31,10,107,14
2015-12-01,31,26,0.0,11.6,7,7,61,11:51 PM,11:29 AM,06:52 AM,06:55 PM,24,32,32,28,10,43,78,7.0,1010,31,10,225,6
2015-12-02,31,25,0.0,11.6,7,7,54,No moonrise,12:15 PM,06:52 AM,06:55 PM,24,32,32,28,11,42,78,6.8,1011,31,9,101,7
2015-12-03,32,26,0.0,11.6,6,6,46,12:37 AM,12:59 PM,06:52 AM,06:56 PM,24,33,33,29,14,28,79,20.9,1010,32,9,32,9
2015-12-04,31,27,0.0,11.6,6,6,39,01:21 AM,01:42 PM,06:53 AM,06:56 PM,25,34,34,29,13,36,79,21.7,1010,31,9,52,8
2015-12-05,31,26,0.0,11.6,7,7,32,02:04 AM,02:23 PM,06:53 AM,06:56 PM,25,33,33,29,12,19,80,9.8,1010,31,9,69,8
2015-12-06,31,26,0.0,11.6,7,7,25,02:46 AM,03:06 PM,06:54 AM,06:57 PM,25,33,33,29,13,25,79,4.7,1010,31,9,147,9
2015-12-07,31,26,0.0,11.6,7,7,17,03:30 AM,03:49 PM,06:54 AM,06:57 PM,24,33,33,28,17,26,78,4.6,1010,31,10,109,11
2015-12-08,31,26,0.0,11.6,7,7,10,04:13 AM,04:32 PM,06:54 AM,06:58 PM,25,33,33,28,11,34,81,10.5,1010,31,9,77,7
2015-12-09,31,26,0.0,11.6,7,7,3,04:59 AM,05:19 PM,06:55 AM,06:58 PM,25,34,34,29,10,28,79,6.8,1011,31,10,77,7
2015-12-10,32,26,0.0,11.6,7,7,0,05:47 AM,06:07 PM,06:55 AM,06:58 PM,24,34,34,29,11,27,77,3.9,1010,32,10,114,7
2015-12-11,33,26,0.0,11.6,7,7,0,06:37 AM,06:58 PM,06:56 AM,06:59 PM,24,34,34,29,11,25,77,1.9,1010,33,10,107,8
2015-12-12,32,26,0.0,10.2,7,7,4,07:29 AM,07:50 PM,06:56 AM,06:59 PM,24,34,34,29,11,44,77,13.3,1009,32,9,261,7
2015-12-13,29,25,0.0,8.9,7,7,12,08:21 AM,08:44 PM,06:57 AM,07:00 PM,24,31,31,27,13,70,84,19.3,1010,29,9,270,7
2015-12-14,29,25,0.0,10.3,6,6,19,09:15 AM,09:38 PM,06:57 AM,07:00 PM,24,32,32,28,11,57,83,2.9,1010,29,10,170,7
2015-12-15,29,25,0.0,11.6,7,7,26,10:08 AM,10:30 PM,06:58 AM,07:01 PM,24,31,31,27,13,55,83,1.2,1010,29,9,212,8
2015-12-16,30,26,0.0,10.3,7,7,33,11:00 AM,11:23 PM,06:58 AM,07:01 PM,24,31,31,28,15,68,81,3.7,1010,30,10,297,10
2015-12-17,30,25,0.0,7.6,6,6,41,11:52 AM,No moonset,06:59 AM,07:02 PM,23,30,30,26,21,81,84,2.5,1011,30,9,148,14
2015-12-18,26,25,0.0,6.2,6,6,48,12:42 PM,12:15 AM,06:59 AM,07:02 PM,23,28,28,25,21,72,85,1.7,1011,26,7,82,13
2015-12-19,29,25,0.0,8.8,7,7,55,01:34 PM,01:07 AM,07:00 AM,07:03 PM,23,30,30,27,16,61,82,8.1,1010,29,9,171,11
2015-12-20,29,25,0.0,8.8,7,7,62,02:25 PM,01:59 AM,07:00 AM,07:03 PM,23,30,30,27,16,58,82,4.6,1010,29,9,158,11
2015-12-21,32,26,0.0,11.6,7,7,70,03:18 PM,02:52 AM,07:01 AM,07:04 PM,24,32,32,28,11,40,77,6.5,1011,32,10,210,8
2015-12-22,31,25,0.0,11.6,7,7,77,04:12 PM,03:46 AM,07:01 AM,07:04 PM,24,34,34,29,8,15,77,1.4,1011,31,10,283,5
2015-12-23,32,25,0.0,11.6,7,7,84,05:08 PM,04:42 AM,07:02 AM,07:05 PM,24,33,33,29,8,26,76,7.5,1011,32,10,208,5
2015-12-24,32,26,0.0,11.6,7,7,92,06:05 PM,05:39 AM,07:02 AM,07:05 PM,24,33,33,28,12,35,78,10.3,1011,32,9,68,7
2015-12-25,31,26,0.0,11.6,7,7,99,07:02 PM,06:36 AM,07:03 AM,07:06 PM,24,32,32,28,15,33,79,1.4,1011,31,10,25,11
2015-12-26,31,26,0.0,11.6,7,7,100,07:58 PM,07:33 AM,07:03 AM,07:06 PM,23,32,32,28,18,35,77,0.2,1011,31,10,29,13
2015-12-27,31,25,0.0,11.6,7,7,87,08:51 PM,08:27 AM,07:04 AM,07:07 PM,24,32,32,28,15,40,79,1.4,1012,31,10,70,10
2015-12-28,31,26,0.0,11.6,6,6,79,09:42 PM,09:19 AM,07:04 AM,07:07 PM,24,32,32,28,16,42,78,7.8,1013,31,9,43,10
2015-12-29,29,25,0.0,10.2,7,7,72,10:29 PM,10:07 AM,07:05 AM,07:08 PM,23,30,30,27,17,58,82,3.6,1009,29,9,164,12
2015-12-30,31,26,0.0,11.6,7,7,65,11:15 PM,10:53 AM,07:05 AM,07:08 PM,23,31,31,28,21,46,75,0.5,1012,31,10,18,15
2015-12-31,31,25,0.0,11.6,7,7,61,11:59 PM,11:37 AM,07:06 AM,07:09 PM,23,31,31,27,20,46,78,2.1,1012,31,10,107,14
